{
  "recipes": [
    {
      "name": "MenloSystems *.dat file (use a separate reference file)",
      "mode": "Transmission",
      "fileExt": "dat",
      "sample": [
        1,
        2
      ],
      "reference": [
        1,
        1,
        2,
        2
      ],
      "baseline": [
        0,
        0,
        4,
        3,
        0
      ],
      "mdDescription": "",
      "RecipeDesignTab": 1
    },
    {
      "name": "*.thz file",
      "mode": "Transmission/Reflection",
      "fileExt": "thz",
      "sample": [
        1,
        2
      ],
      "reference": [
        0,
        0,
        2,
        2
      ],
      "baseline": [
        0,
        0,
        0,
        0,
        0
      ],
      "mdDescription": "",
      "RecipeDesignTab": 0
    }
  ],
  "dataDescription": {
    "sample": "[time of flight column(#), sample THz column(#)]",
    "reference": "[load (1/0), use a seperate file(1/0), Reference THz column(#), dataset(#)]",
    "baseline": "[load (1/0), use a seperate file(1/0), Baseline THz column(#), dataset(#), subtract(1/0)]"
  },
  "defaultItem": [
    "MenloSystems *.dat file (use a separate reference file)"
  ]
}