<?xml version="1.0" encoding="utf-8"?>
<ApplicationInstallerManifest>
   <DefaultInstallationDirectory>/Applications/CaTx4Menlo/</DefaultInstallationDirectory>
   <ApplicationName>CaTx4Menlo</ApplicationName>
   <ExecutableName>application/CaTx4Menlo.exe</ExecutableName>
   <GUID>c127d762-bb81-40af-b480-e89ba5dca1e7</GUID>
   <ApplicationIcon>icon_48.png</ApplicationIcon>
   <Logo>logo4454609688663586142.png</Logo>
   <Version>1.3</Version>
   <InstallationNotes>For details
&gt; https://doi.org/10.1007/s10762-023-00947-w
GitHub Documentation
&gt; https://github.com/dotTHzTAG/Documentation</InstallationNotes>
   <AuthorOrganization>MenloSystems and University of Cambridge</AuthorOrganization>
   <Summary>CaTx for MenloSystems</Summary>
   <WelcomePanelText>CaTx4Menlo 1.3
CaTx for MenloSystems
MenloSystems and TAG
jl2112@cam.ac.uk</WelcomePanelText>
   <MCRProducts>
      <MCRProduct>
         <ExternalProductIdentifier>35002</ExternalProductIdentifier>
      </MCRProduct>
      <MCRProduct>
         <ExternalProductIdentifier>35003</ExternalProductIdentifier>
      </MCRProduct>
      <MCRProduct>
         <ExternalProductIdentifier>35010</ExternalProductIdentifier>
      </MCRProduct>
   </MCRProducts>
</ApplicationInstallerManifest>